Workbook

Sheet KAMAR
A1: Sheet KAMAR
A2: No Kamar | B2: Nama Penghuni | C2: Tipe | D2: Tarif Tetap
A3: A01 | B3: Budi | C3: Standard | D3: 75000
A4: A02 | B4: Soni | C4: Standard | D4: =IFS(C4="Standard", 75000, C4="Deluxe", 100000, C4="Premium", 150000) -> 75000
A5: A03 | B5: Ijum | C5: Deluxe | D5: =IFS(C5="Standard", 75000, C5="Deluxe", 100000, C5="Premium", 150000) -> 100000
A6: A04 | B6: Eko | C6: Premium | D6: =IFS(C6="Standard", 75000, C6="Deluxe", 100000, C6="Premium", 150000) -> 150000
A7: A05 | B7: Jaya | C7: Standard | D7: =IFS(C7="Standard", 75000, C7="Deluxe", 100000, C7="Premium", 150000) -> 75000
A8: A06 | B8: Rendi | C8: Premium | D8: =IFS(C8="Standard", 75000, C8="Deluxe", 100000, C8="Premium", 150000) -> 150000
A9: A07 | B9: Heri | C9: Premium | D9: =IFS(C9="Standard", 75000, C9="Deluxe", 100000, C9="Premium", 150000) -> 150000
A10: A08 | B10: Wawan | C10: Deluxe | D10: =IFS(C10="Standard", 75000, C10="Deluxe", 100000, C10="Premium", 150000) -> 100000
A11: A09 | B11: Didin | C11: Standard | D11: =IFS(C11="Standard", 75000, C11="Deluxe", 100000, C11="Premium", 150000) -> 75000
A12: A10 | B12: Rahmat | C12: Premium | D12: =IFS(C12="Standard", 75000, C12="Deluxe", 100000, C12="Premium", 150000) -> 150000
A13: A11 | B13: Rafly | C13: Standard | D13: =IFS(C13="Standard", 75000, C13="Deluxe", 100000, C13="Premium", 150000) -> 75000
A14: A12 | B14: Robi | C14: Deluxe | D14: =IFS(C14="Standard", 75000, C14="Deluxe", 100000, C14="Premium", 150000) -> 100000
A15: A13 | B15: Fakhri | C15: Premium | D15: =IFS(C15="Standard", 75000, C15="Deluxe", 100000, C15="Premium", 150000) -> 150000
... A27: A25 | B27: Muji | C27: Premium | D27: =IFS(C27="Standard", 75000, C27="Deluxe", 100000, C27="Premium", 150000) -> 150000

Sheet METERAN
A1: Sheet METERAN
A2: No Kamar | B2: Meter Awal | C2: Meter Akhir
A3: A01 | B3: 1200 | C3: 1345
A4: A02 | B4: =RANDBETWEEN(1000, 2000) -> 1250 | C4: =B4 + RANDBETWEEN(50, 250) -> 1316
A5: A03 | B5: =RANDBETWEEN(1000, 2000) -> 1344 | C5: =B5 + RANDBETWEEN(50, 250) -> 1570
A6: A04 | B6: =RANDBETWEEN(1000, 2000) -> 1421 | C6: =B6 + RANDBETWEEN(50, 250) -> 1657
A7: A05 | B7: =RANDBETWEEN(1000, 2000) -> 1583 | C7: =B7 + RANDBETWEEN(50, 250) -> 1721
A8: A06 | B8: =RANDBETWEEN(1000, 2000) -> 1681 | C8: =B8 + RANDBETWEEN(50, 250) -> 1806
A9: A07 | B9: =RANDBETWEEN(1000, 2000) -> 1316 | C9: =B9 + RANDBETWEEN(50, 250) -> 1405
A10: A08 | B10: =RANDBETWEEN(1000, 2000) -> 1225 | C10: =B10 + RANDBETWEEN(50, 250) -> 1327
A11: A09 | B11: =RANDBETWEEN(1000, 2000) -> 1252 | C11: =B11 + RANDBETWEEN(50, 250) -> 1420
A12: A10 | B12: =RANDBETWEEN(1000, 2000) -> 1637 | C12: =B12 + RANDBETWEEN(50, 250) -> 1734
A13: A11 | B13: =RANDBETWEEN(1000, 2000) -> 1587 | C13: =B13 + RANDBETWEEN(50, 250) -> 1714
A14: A12 | B14: =RANDBETWEEN(1000, 2000) -> 1757 | C14: =B14 + RANDBETWEEN(50, 250) -> 1908
A15: A13 | B15: =RANDBETWEEN(1000, 2000) -> 1144 | C15: =B15 + RANDBETWEEN(50, 250) -> 1206
... A27: A25 | B27: =RANDBETWEEN(1000, 2000) -> 1683 | C27: =B27 + RANDBETWEEN(50, 250) -> 1868

Sheet TAGIHAN
A1: TAGIHAN
A2: Kamar | B2: Penghuni | C2: Pemakaian | D2: Biaya Listrik | E2: Tarif Tetap | F2: Total Tagihan | G2: Status
A3: A01 | B3: Budi | C3: =IFERROR(METERAN!C4-METERAN!B4, "DATA ERROR") -> 66 | D3: =IF(C3="DATA ERROR", 0, C3 * 1700) -> 112200 | E3: =IF(C3="DATA ERROR", 0, C3 * 1700) -> 112200 | F3: =IF(C4="DATA ERROR", 0, D4 + E4) -> 459200 | G3: =IF(C3="DATA ERROR", "DATA ERROR", IF(C3<100, "HEMAT", IF(C3<=200, "NORMAL", "TINGGI"))) -> HEMAT
A4: A02 | B4: Soni | C4: =IFERROR(METERAN!C5-METERAN!B5, "DATA ERROR") -> 226 | D4: =IF(C4="DATA ERROR", 0, C4 * 1700) -> 384200 | E4: =VLOOKUP(A4, KAMAR!A$4:D$28, 4, FALSE) -> 75000 | F4: =IF(C5="DATA ERROR", 0, D5 + E5) -> 501200 | G4: =IF(C4="DATA ERROR", "DATA ERROR", IF(C4<100, "HEMAT", IF(C4<=200, "NORMAL", "TINGGI"))) -> TINGGI
A5: A03 | B5: Ijum | C5: =IFERROR(METERAN!C6-METERAN!B6, "DATA ERROR") -> 236 | D5: =IF(C5="DATA ERROR", 0, C5 * 1700) -> 401200 | E5: =VLOOKUP(A5, KAMAR!A$4:D$28, 4, FALSE) -> 100000 | F5: =IF(C6="DATA ERROR", 0, D6 + E6) -> 384600 | G5: =IF(C5="DATA ERROR", "DATA ERROR", IF(C5<100, "HEMAT", IF(C5<=200, "NORMAL", "TINGGI"))) -> TINGGI
A6: A04 | B6: Eko | C6: =IFERROR(METERAN!C7-METERAN!B7, "DATA ERROR") -> 138 | D6: =IF(C6="DATA ERROR", 0, C6 * 1700) -> 234600 | E6: =VLOOKUP(A6, KAMAR!A$4:D$28, 4, FALSE) -> 150000 | F6: =IF(C7="DATA ERROR", 0, D7 + E7) -> 287500 | G6: =IF(C6="DATA ERROR", "DATA ERROR", IF(C6<100, "HEMAT", IF(C6<=200, "NORMAL", "TINGGI"))) -> NORMAL
A7: A05 | B7: Jaya | C7: =IFERROR(METERAN!C8-METERAN!B8, "DATA ERROR") -> 125 | D7: =IF(C7="DATA ERROR", 0, C7 * 1700) -> 212500 | E7: =VLOOKUP(A7, KAMAR!A$4:D$28, 4, FALSE) -> 75000 | F7: =IF(C8="DATA ERROR", 0, D8 + E8) -> 301300 | G7: =IF(C7="DATA ERROR", "DATA ERROR", IF(C7<100, "HEMAT", IF(C7<=200, "NORMAL", "TINGGI"))) -> NORMAL
A8: A06 | B8: Rendi | C8: =IFERROR(METERAN!C9-METERAN!B9, "DATA ERROR") -> 89 | D8: =IF(C8="DATA ERROR", 0, C8 * 1700) -> 151300 | E8: =VLOOKUP(A8, KAMAR!A$4:D$28, 4, FALSE) -> 150000 | F8: =IF(C9="DATA ERROR", 0, D9 + E9) -> 323400 | G8: =IF(C8="DATA ERROR", "DATA ERROR", IF(C8<100, "HEMAT", IF(C8<=200, "NORMAL", "TINGGI"))) -> HEMAT
A9: A07 | B9: Heri | C9: =IFERROR(METERAN!C10-METERAN!B10, "DATA ERROR") -> 102 | D9: =IF(C9="DATA ERROR", 0, C9 * 1700) -> 173400 | E9: =VLOOKUP(A9, KAMAR!A$4:D$28, 4, FALSE) -> 150000 | F9: =IF(C10="DATA ERROR", 0, D10 + E10) -> 385600 | G9: =IF(C9="DATA ERROR", "DATA ERROR", IF(C9<100, "HEMAT", IF(C9<=200, "NORMAL", "TINGGI"))) -> NORMAL
A10: A08 | B10: Wawan | C10: =IFERROR(METERAN!C11-METERAN!B11, "DATA ERROR") -> 168 | D10: =IF(C10="DATA ERROR", 0, C10 * 1700) -> 285600 | E10: =VLOOKUP(A10, KAMAR!A$4:D$28, 4, FALSE) -> 100000 | F10: =IF(C11="DATA ERROR", 0, D11 + E11) -> 239900 | G10: =IF(C10="DATA ERROR", "DATA ERROR", IF(C10<100, "HEMAT", IF(C10<=200, "NORMAL", "TINGGI"))) -> NORMAL
A11: A09 | B11: Didin | C11: =IFERROR(METERAN!C12-METERAN!B12, "DATA ERROR") -> 97 | D11: =IF(C11="DATA ERROR", 0, C11 * 1700) -> 164900 | E11: =VLOOKUP(A11, KAMAR!A$4:D$28, 4, FALSE) -> 75000 | F11: =IF(C12="DATA ERROR", 0, D12 + E12) -> 365900 | G11: =IF(C11="DATA ERROR", "DATA ERROR", IF(C11<100, "HEMAT", IF(C11<=200, "NORMAL", "TINGGI"))) -> HEMAT
A12: A10 | B12: Rahmat | C12: =IFERROR(METERAN!C13-METERAN!B13, "DATA ERROR") -> 127 | D12: =IF(C12="DATA ERROR", 0, C12 * 1700) -> 215900 | E12: =VLOOKUP(A12, KAMAR!A$4:D$28, 4, FALSE) -> 150000 | F12: =IF(C13="DATA ERROR", 0, D13 + E13) -> 331700 | G12: =IF(C12="DATA ERROR", "DATA ERROR", IF(C12<100, "HEMAT", IF(C12<=200, "NORMAL", "TINGGI"))) -> NORMAL
A13: A11 | B13: Rafly | C13: =IFERROR(METERAN!C14-METERAN!B14, "DATA ERROR") -> 151 | D13: =IF(C13="DATA ERROR", 0, C13 * 1700) -> 256700 | E13: =VLOOKUP(A13, KAMAR!A$4:D$28, 4, FALSE) -> 75000 | F13: =IF(C14="DATA ERROR", 0, D14 + E14) -> 205400 | G13: =IF(C13="DATA ERROR", "DATA ERROR", IF(C13<100, "HEMAT", IF(C13<=200, "NORMAL", "TINGGI"))) -> NORMAL
A14: A12 | B14: Robi | C14: =IFERROR(METERAN!C15-METERAN!B15, "DATA ERROR") -> 62 | D14: =IF(C14="DATA ERROR", 0, C14 * 1700) -> 105400 | E14: =VLOOKUP(A14, KAMAR!A$4:D$28, 4, FALSE) -> 100000 | F14: =IF(C15="DATA ERROR", 0, D15 + E15) -> 306400 | G14: =IF(C14="DATA ERROR", "DATA ERROR", IF(C14<100, "HEMAT", IF(C14<=200, "NORMAL", "TINGGI"))) -> HEMAT
A15: A13 | B15: Fakhri | C15: =IFERROR(METERAN!C16-METERAN!B16, "DATA ERROR") -> 92 | D15: =IF(C15="DATA ERROR", 0, C15 * 1700) -> 156400 | E15: =VLOOKUP(A15, KAMAR!A$4:D$28, 4, FALSE) -> 150000 | F15: =IF(C16="DATA ERROR", 0, D16 + E16) -> 285300 | G15: =IF(C15="DATA ERROR", "DATA ERROR", IF(C15<100, "HEMAT", IF(C15<=200, "NORMAL", "TINGGI"))) -> HEMAT
... A27: A25 | B27: Muji | C27: =IFERROR(METERAN!C28-METERAN!B28, "DATA ERROR") -> 0 | D27: =IF(C27="DATA ERROR", 0, C27 * 1700) -> 0 | E27: =VLOOKUP(A27, KAMAR!A$4:D$28, 4, FALSE) -> 150000 | F27: =IF(C28="DATA ERROR", 0, D28 + E28) -> 0 | G27: =IF(C27="DATA ERROR", "DATA ERROR", IF(C27<100, "HEMAT", IF(C27<=200, "NORMAL", "TINGGI"))) -> HEMAT
